task_id,dataset,source_split,image_file,width,height,prefilled_kie_regions,sha256
member1-0001,UIT-MLReceipts,train,images/0001000.jpg,2048,1536,4,d243d76cba0e52bb59a9df37ec219051cadfa44466fdc45df5a125af12123c74
member1-0002,UIT-MLReceipts,train,images/000251.jpg,2048,1536,6,b375e35e9daaf22c1d094f52e307d88f8eda9e6152f136aace8cd424a42bf3d6
member1-0003,UIT-MLReceipts,train,images/000252.jpg,2048,1536,7,89d51ffedd9381320bf1ab9424bfee88a54f1fc665dc5ea5fa21a4f577a13725
member1-0004,UIT-MLReceipts,train,images/000253.jpg,2048,1536,7,a894d4d0aab487619d983ad04bbfd08777637f89467abe3597979970e73ad562
member1-0005,UIT-MLReceipts,train,images/000254.jpg,2048,1536,5,9192b9a4e35e6342d9f471a8de538157a93f7db29ede9ad3cea8cefd494b1129
member1-0006,UIT-MLReceipts,train,images/000255.jpg,1536,2048,7,4060dcca73d857ec523f2280f5db620a34853ea731d66d14f538c8952f5a9301
member1-0007,UIT-MLReceipts,train,images/000256.jpg,1536,2048,7,8b830bceac8c8105aaf6682408f26170a334d5885645b4a023a1c72d18715b93
member1-0008,UIT-MLReceipts,train,images/000257.jpg,1536,2048,7,10531ea76d6dfcb6583879d6e1b941637c0239486b031dd4eda1315a3d940083
member1-0009,UIT-MLReceipts,train,images/000258.jpg,2048,1536,5,5665ce0a820781f88f4fbe38d7ac971a7c83e6eed253b161f6e1368d5273ff6d
member1-0010,UIT-MLReceipts,train,images/000259.jpg,1536,2048,7,70ead4f4e746df0b5a1e776e1c32998f9533ca4110c0e069ff035ec632b40c1c
member1-0011,UIT-MLReceipts,train,images/000260.jpg,1536,2048,7,c6b1ac4d009fb0116a5651c511aa2c30aa902dfb7aba8e4b3db7b80041f2259a
member1-0012,UIT-MLReceipts,train,images/000261.jpg,2048,1536,4,41d346d28080e229e27911c3fb2cf62d43101e2dd9c2999796032ea747f7c4bc
member1-0013,UIT-MLReceipts,train,images/000262.jpg,459,918,3,0743943168c0bd049a6ae0a5a6f3075b96a51e1742e573016a892bf6c6dfe156
member1-0014,UIT-MLReceipts,train,images/000263.jpg,1536,2048,7,f911fa1afd823f472dc10b53c753e00775bf2e243f020f515b3fcfaad9ad7a36
member1-0015,UIT-MLReceipts,train,images/000264.jpg,720,960,6,44c7e5af4f3879cfe706c7d0103db1af38d030aba01b98eb406a28ce08bbf9dd
member1-0016,UIT-MLReceipts,train,images/000265.jpg,1536,2048,5,b52d82de689bacf52916b4d6151275b4e12e11dd0258bf8c45a79184dd27fb14
member1-0017,UIT-MLReceipts,train,images/000266.jpg,1536,2048,7,283934fd8c0c2776490af4a4c2b44ff1d8b16b16e88f66d05568042b7aa7ff8d
member1-0018,UIT-MLReceipts,train,images/000267.jpg,1536,2048,5,08a6b1b68c890cf36e5586ff3fdfbe7a724fd1229d2c7bb386d3e84f40347030
member1-0019,UIT-MLReceipts,train,images/000268.jpg,1536,2048,5,b09d219b60e81e833a0ba508bbfe019989d57099c9cf143b64cb1d657825c529
member1-0020,UIT-MLReceipts,train,images/000269.jpg,956,1276,6,48df5f39102c3067beb8d27d78934698ea8c2eda5c2d91ea1aa83eadcf84c463
member1-0021,UIT-MLReceipts,train,images/000270.jpg,1536,2048,7,534734fdec85e4a4c0eb3faf5ccd5903463b0a7a93de6bb0811adf1e462d5be4
member1-0022,UIT-MLReceipts,train,images/000271.jpg,1536,2048,7,27ffff145f429d4d446c3abc44285f84df52c5ee78146800dae07d641d5067c0
member1-0023,UIT-MLReceipts,train,images/000272.jpg,2048,1536,7,910bd0474f7f8cf7a4d291f5980958989a6d0ed61340cef9493d0ced936e45a1
member1-0024,UIT-MLReceipts,train,images/000273.jpg,1536,2048,7,bd48042a31a64dcdb91117380d09575408879780b1d575ea8d0d3ea8754c5284
member1-0025,UIT-MLReceipts,train,images/000274.jpg,720,960,7,c758e360e4bd90fc673ac67b13b736436cde90714abdf4c091404abe8b69a3ed
member1-0026,UIT-MLReceipts,train,images/000275.jpg,2048,1536,4,58621cffb2025cd2ec7d92fcc1fbcab8285141e177027277f896f0ba8ea6e5fb
member1-0027,UIT-MLReceipts,train,images/000276.jpg,816,612,5,1287e5ec20f2abd8b543b54d139ba46121975113a8ad96af06adfc04233f4b9a
member1-0028,UIT-MLReceipts,train,images/000277.jpg,1536,2048,5,98f7b128d579d4432308df8b08cefd63ef7a5e7f6d25e02a5c4e511bf99ffcad
member1-0029,UIT-MLReceipts,train,images/000278.jpg,960,960,6,50149f51daf6bf9a85308b4776fcd6340771215f8cdd03239804c8554e800d57
member1-0030,UIT-MLReceipts,train,images/000279.jpg,720,960,7,a096d59d96dcd4c5b60f1690823e0d457cb7ecf4447b4750543a215f119a1f81
member1-0031,UIT-MLReceipts,train,images/000280.jpg,1536,2048,4,925ce015451508a1bcf220b3f8aeb7c829feb5d03c823e90e76e00885d03a7b4
member1-0032,UIT-MLReceipts,train,images/000281.jpg,960,720,5,de882e36c47d3cf52ca92414279fadc9bb3c69f1fc176487bfa3ed57b790e5a9
member1-0033,UIT-MLReceipts,train,images/000282.jpg,1536,2048,4,21d231891ed30c3e10743f4871a4c6664f6617fd2a4c7aadd89d00421b21b6c0
member1-0034,UIT-MLReceipts,train,images/000283.jpg,1152,2048,8,397e116fee3bae6d5ff586749240086b183f07cbfd0c5b2db96a3b3e0de7e6fe
member1-0035,UIT-MLReceipts,train,images/000284.jpg,2048,1536,7,3e6a6061e9a978eb6578e6bf6d8f1e3414250359ebe523a80def764551fa5b48
member1-0036,UIT-MLReceipts,train,images/000285.jpg,1536,2048,7,bac730b1f370924655ae21bcda4fa2c9bc7af33f5dd14817281f2dc0571e36b9
member1-0037,UIT-MLReceipts,train,images/000286.jpg,1536,2048,5,85d9c4f44419d642bc62cb0d1fa64d968dfbf5bbd2c4986303c98df8c82cb907
member1-0038,UIT-MLReceipts,train,images/000287.jpg,302,403,7,c845c0dd8c3ed07f4b66c64cc6150f8ad04349558d8036ab8f86c6e13d8dae57
member1-0039,UIT-MLReceipts,train,images/000288.jpg,2048,1152,5,c8156b5a09bacd8c29c2983d9df2f0ba3d364cea558f470fa84302b7ea06eb2c
member1-0040,UIT-MLReceipts,train,images/000289.jpg,2048,1536,8,51bb35a7821c7d9528640db45e9b5822a982cb7afb61f7cec42e4b4f9ad212b9
member1-0041,UIT-MLReceipts,train,images/000290.jpg,2048,1536,5,30a2298a3ff5e84a27fe8c1045ffa1ed1f68a183b99ba152058a1d352de19075
member1-0042,UIT-MLReceipts,train,images/000291.jpg,1152,2048,6,112f0b44aa58792e03addde688e0067d385d7aff196c5c4e2b6957a4dcf1fde0
member1-0043,UIT-MLReceipts,train,images/000292.jpg,2048,1536,4,9d714b5fa9622c1bc306e82386d2ce172015fa0a33230fa8ec562142864721ed
member1-0044,UIT-MLReceipts,train,images/000293.jpg,2048,1536,7,75615f73e524c3f19b28eaa8983da9df25da485a39cfb01ca654fd0b23a57f4e
member1-0045,UIT-MLReceipts,train,images/000294.jpg,1536,2048,7,ba48df3de3b7236c36eca144083aaa4fc75ec0ed6609a3de2c6f84ac053bbb54
member1-0046,UIT-MLReceipts,train,images/000295.jpg,2048,1536,7,4b070617c8a1552610622e39db43542e575dad7be3a17d2454782ce8af1001b5
member1-0047,UIT-MLReceipts,train,images/000296.jpg,302,403,7,1ef4f977305466421635993bfd1117b618b299059ab255bb690500c0b9c52b31
member1-0048,UIT-MLReceipts,train,images/000297.jpg,2048,1536,7,bbb646ee95ea868c327008ef391869e53842d1ad51fe7e21e8fa2c1fb807264c
member1-0049,UIT-MLReceipts,train,images/000298.jpg,2048,1536,7,6d5069eaa10e824dd25db6de33420088a142881de7411ac618d0f7b8d01b588a
member1-0050,UIT-MLReceipts,train,images/000299.jpg,1536,2048,7,d4400c3e3fadee149a5539d0882ca3cae48f621f1c3056bb2eb6740218b85fee
member1-0051,UIT-MLReceipts,train,images/000300.jpg,1152,2048,7,3db8daffc3dccbb3b444994723e48f2b3c798f524ea487e8d21a3e2acb4d69e4
member1-0052,UIT-MLReceipts,train,images/000301.jpg,1152,2048,5,fe5425e62fe7e05229f935213eedb2932f1d7625fb57fff4e1412d3dd543f866
member1-0053,UIT-MLReceipts,train,images/000302.jpg,303,540,7,7131f18dccb7eef2ffb8299cb0e1ba5f8af5d42812d51a6652c7517f40485694
member1-0054,UIT-MLReceipts,train,images/000303.jpg,1536,2048,7,85f6e62dc8f553873b5d8fa8709baf1898bd35627db6c5d8f61ccfd4e2f903c7
member1-0055,UIT-MLReceipts,train,images/000305.jpg,459,918,2,ad79ae2e8e89fa151c248760b16c0f271ed0bce4b04b1580d6d1a3ea1a3ae13a
member1-0056,UIT-MLReceipts,train,images/000306.jpg,1280,960,7,edc9fa17e920c61cd6131c7f2f13e83b0c4c44c49f8250c5579bc423ca36dbc4
member1-0057,UIT-MLReceipts,train,images/000307.jpg,1536,2048,4,469efa275c5987a16ed7a707ba4b4d7b73b32cec71e78fb16f2da21005cf8733
member1-0058,UIT-MLReceipts,train,images/000308.jpg,459,918,6,168663cd4f62acd0f64780997a7b8336f1ecd0a04c098583a169d65faaceaed8
member1-0059,UIT-MLReceipts,train,images/000309.jpg,1536,2048,7,323d3068993f873f22678e896ee01b261a64409240389a3d7c954be72501612f
member1-0060,UIT-MLReceipts,train,images/000310.jpg,2048,1536,4,02e25a505839b89abdac14c31f54a3b498e2ec60c003da0e13fa01898aa7d304
member1-0061,UIT-MLReceipts,train,images/000311.jpg,1536,2048,5,bdaa16b1ba798d2877c47f26ab1ad1e55aa8a2d99628c6510d27488b32a548db
member1-0062,UIT-MLReceipts,train,images/000312.jpg,816,608,8,9609273dc05a9d89a7df82078e683c36d1c197245d56f51b0db3a4d533291af5
member1-0063,UIT-MLReceipts,train,images/000313.jpg,1536,2048,7,d2cfc67c994df09080bc6307c24587ff200376fa99e0740dfef6ca7a39f6f8f0
member1-0064,UIT-MLReceipts,train,images/000314.jpg,2048,1536,4,a486b516bf8851181e4af7581cc06145c12fd5312467ebece70120e8261a3c5e
member1-0065,UIT-MLReceipts,train,images/000315.jpg,2048,1536,7,b1dd3768c1f0f62ebfe4caaed66990d41999950cc61f45027f3f4561f95d5407
member1-0066,UIT-MLReceipts,train,images/000316.jpg,1536,2048,4,b4dfef84cae845b65b97b615e3969edeb0791594d3871ef0494008b038392f37
member1-0067,UIT-MLReceipts,train,images/000317.jpg,956,1276,8,12d05c041e367a0a6e18847934a33040e40236a22211e64f986177172c8aa607
member1-0068,UIT-MLReceipts,train,images/000318.jpg,2048,1536,5,27a50519d71541812555cf20ecce53b0362df344b1c4432d6c9b90fd8560b73e
member1-0069,UIT-MLReceipts,train,images/000319.jpg,2048,1536,7,a5d1c84f534b638bc3f2d10c9c6226fadf2737f47d347ff29d26f030a271b77e
member1-0070,UIT-MLReceipts,train,images/000320.jpg,1536,2048,6,9054c660866b8ffa05ad5c8299dc6dc81c538d8d752acfc54d5d7499156e0ee5
member1-0071,UIT-MLReceipts,train,images/000321.jpg,1152,2048,8,23a877b8c551d0c0b851f9b1c4d502ef92281e6165bc1c3a5b41e31b57bd37d7
member1-0072,UIT-MLReceipts,train,images/000322.jpg,1536,2048,7,a350bfb879702a6fcee4863af8e3480acc58e2e2a0e2235776cb328edcf99f2a
member1-0073,UIT-MLReceipts,train,images/000323.jpg,302,403,7,e18d9ab04dcaf6e7a839bb39a22840d6b1bf7058922b66671602432c0ca536e9
member1-0074,UIT-MLReceipts,train,images/000324.jpg,302,403,7,f5f607a79b4c523aed8c2c4495128cf45d27f23e1aeb7f21936b523b8dc019d5
member1-0075,UIT-MLReceipts,train,images/000325.jpg,2048,1536,4,15f2aca592b0b87cba10edfb0e5e10cf09af6410b220cc77550531266062b3f8
member1-0076,UIT-MLReceipts,train,images/000326.jpg,1276,956,8,04ae4e274fb357efc430c8be87088ef2beb8969aaed0c65328f52f8d6454e0db
member1-0077,UIT-MLReceipts,train,images/000327.jpg,2048,2048,5,d3d0987c3eca1d9bc2d38d5d7cf8c99ce8bee8fc2f93d4a7d1d82ff9d046ddc9
member1-0078,UIT-MLReceipts,train,images/000328.jpg,2048,1536,7,7834ba5908b34f6f639ae25ad5506cd197f5df8e39daff2540541cb5736bb449
member1-0079,UIT-MLReceipts,train,images/000329.jpg,1276,956,7,8f09374dd437cb8aa3667ee323e35cd10873e507a7d58b502810d126d6e42517
member1-0080,UIT-MLReceipts,train,images/000330.jpg,956,1276,6,e6443febd09f33b28e545f14964f0646a42a378e1f49375208433a4bc2884616
member1-0081,UIT-MLReceipts,train,images/000331.jpg,720,960,5,810084751ff2d51b9cee0fd24e777a9c58749d651f5e1dba33af4ab88cdcb59c
member1-0082,UIT-MLReceipts,train,images/000332.jpg,1536,2048,7,9b99607c3c6db29f39112f1c3815f6a6cd649b6c88b2171b14e2655e8735382a
member1-0083,UIT-MLReceipts,train,images/000333.jpg,2048,1536,5,13485bcd405726a7c3eeac137da7f920e11ac387819b649a7ecfb9559a605e07
member1-0084,UIT-MLReceipts,train,images/000334.jpg,1536,2048,5,1ab38b75f1bbc982d0f7b0363cb49d0c75463352920b739166c92cdfe91cbb4c
member1-0085,UIT-MLReceipts,train,images/000335.jpg,1536,2048,6,3ad843bc925bec81ec5cf2efea36432583931029ac0ffe7289003e0d3c3753f3
member1-0086,UIT-MLReceipts,train,images/000336.jpg,720,960,6,0dac3047b6bcb5ce0eae1b24e082ece01b8199717d2a017fc1fb26bc2d77c937
member1-0087,UIT-MLReceipts,train,images/000337.jpg,1536,2048,5,7fffb653eff4e60e694ed80c0b3e4547e4f75d30b1c3584588363c3678585b56
member1-0088,UIT-MLReceipts,train,images/000338.jpg,960,1280,6,541c3529973eb154b4e909bf8353f033a65fa5e3bbfb3d06ec4aa3215dc3df57
member1-0089,UIT-MLReceipts,train,images/000339.jpg,1276,956,8,e283d947f97010db4ba2fdf15ca7c23bbee922cd95e384dae5e2657c9f42df14
member1-0090,UIT-MLReceipts,train,images/000340.jpg,1536,2048,4,6aa4fcdbd6ff7caca73e05b7033455e05f60c42fc13bc3424ab9f420fbeca4e0
member1-0091,UIT-MLReceipts,train,images/000341.jpg,1536,2048,6,ac265e70fac7b3d153fa5a51431dae7c04ce77e7b8d5bf3bd9a04db045e2d937
member1-0092,UIT-MLReceipts,train,images/000342.jpg,956,1276,5,b7ee3c96859944d9211a8ba2f7d08fac95e045e30c0ca2e634eb16000965f8d6
member1-0093,UIT-MLReceipts,train,images/000343.jpg,720,960,7,962c335e8cdb611bf7b3d27902045b9307e29f056e0eb0323af83a0b357a4344
member1-0094,UIT-MLReceipts,train,images/000344.jpg,1072,1920,5,269573f59f75d55c42e91e8e5cf456c3d3b96341996659523bb9d38c8ee938be
member1-0095,UIT-MLReceipts,train,images/000345.jpg,1536,2048,7,fd4b9df4adbeba844e91645953ec665e033b5fdf23892b5242537e2036714293
member1-0096,UIT-MLReceipts,train,images/000346.jpg,2048,1536,7,0d749f53edae22455b4380d99793f877bc5c567c93efbbd71482a02dbff97fab
member1-0097,UIT-MLReceipts,train,images/000347.jpg,2048,1536,7,43a2885e41b395427d3b54927d8ca06f6b350eee37a77fbff5716b3ddbae6b4e
member1-0098,UIT-MLReceipts,train,images/000348.jpg,2048,1536,4,f2709d919877c7a4c2fc2984c0c1d7e130b1092f3d93ca11290a91af503d01a1
member1-0099,UIT-MLReceipts,train,images/000349.jpg,1276,956,7,078b6799eb1f87362244672f6a3d412415143a69127e53449cefcebd656b88b2
member1-0100,UIT-MLReceipts,train,images/000350.jpg,1536,2048,7,e676f6594e30ef06eab2e33c15a192a3fd2878e8dffe30b405cb422d3ce10fac
member1-0101,UIT-MLReceipts,train,images/000351.jpg,1276,956,9,eccce4886b8f08f973eb5b77fbf24a3ec79e0409a08b86491e397bc4126d2636
member1-0102,UIT-MLReceipts,train,images/000352.jpg,1536,2048,4,3482e3854b95ba003b511efa0ab00d253cdc12bef3c4c9f2efac6507ca0f9dd9
member1-0103,UIT-MLReceipts,train,images/000353.jpg,2048,1536,5,72e5b6a1619ea349d27495ca5c685a4e523de06936c4c2c5e98b4dc95622b16b
member1-0104,UIT-MLReceipts,train,images/000354.jpg,640,1317,6,a9f3bd349a87165f5c26c990fcce96186b4ef8ca7f254666d1faa626f9fad6e1
member1-0105,UIT-MLReceipts,train,images/000355.jpg,2048,1536,7,df513f4ca30eeb74cea428c2c966261f251168921e06e1fe8ba05d0839a6b915
member1-0106,UIT-MLReceipts,train,images/000356.jpg,1536,2048,4,74519429b194a473e4df6808101905f960dbc9270f63a753e4aff40cfccecc31
member1-0107,UIT-MLReceipts,train,images/000357.jpg,302,403,7,f32f650a8576f847b83a6f6ea4854469f73f25114fff31816e9001b31f7bfcb1
member1-0108,UIT-MLReceipts,train,images/000358.jpg,1536,2048,7,e586f536f13a10ede2c5cee39e553b3f36cd37d789cd54a6c03701f7ea0b9f11
member1-0109,UIT-MLReceipts,train,images/000359.jpg,1536,2048,5,c92d0edd461f6a5829d591b85e29a02796afcb06a0b94841156e4b47c4cd3b86
member1-0110,UIT-MLReceipts,train,images/000360.jpg,960,1280,6,023205dafd9c94bce18d94d053f56e838ea85c7aa9d79010c5a460a078cc9d31
member1-0111,UIT-MLReceipts,train,images/000361.jpg,2048,1536,7,3e19868072e3de2e20e756983d632a0d5520f90d22dd675b91a6856f2f53fe73
member1-0112,UIT-MLReceipts,train,images/000362.jpg,2048,1536,7,b1ac7221d12b09aaa6a2f9c924ffc8467204b4b924735e99647d591bf7c36720
member1-0113,UIT-MLReceipts,train,images/000363.jpg,1536,2048,5,83afa2144e7396e02497f23cde65154f060e968d9d7011e2fd540e44a7f5c297
member1-0114,UIT-MLReceipts,train,images/000364.jpg,2048,1536,7,b130f618757350fc7d055dc319e5e98cb54bd0e9789020ca14dd1171f796a2ae
member1-0115,UIT-MLReceipts,train,images/000365.jpg,2048,1536,7,071a151b8a0403b25817d56e752018653c001d3c4f6d7dd91f65bea266f65c16
member1-0116,UIT-MLReceipts,train,images/000366.jpg,454,860,5,3a2dcb482fefeafa58874778f9256f85d6bd3d21a59264b52a515f5bcd298927
member1-0117,UIT-MLReceipts,train,images/000367.jpg,630,1463,7,c8c8d3c5082f07e945b8fa880231d4e3bb28a9d315a7517d5c36420cd7f9bf82
member1-0118,UIT-MLReceipts,train,images/000368.jpg,1536,2048,7,00d43594f56585129959d71cd8fb9f803bb60ef80b59782c2f240adfe15373e2
member1-0119,UIT-MLReceipts,train,images/000369.jpg,459,918,5,5f4c05f229c44271d1f2ef98b21f693762e0bdbe5bbf3db8f30fb0ec06072539
member1-0120,UIT-MLReceipts,train,images/000370.jpg,2048,1536,8,35052dc9776c0ca8c0d0ab03f86251834c96ac473bc1578ddaa39ecbbb9bf1cb
member1-0121,UIT-MLReceipts,train,images/000371.jpg,960,1280,5,2d43e30ac45ca7bbe639502a36ad416005465c3c5a8371a9ff96c0cc0a56fd2c
member1-0122,UIT-MLReceipts,train,images/000372.jpg,632,1280,7,1dae2d9cd71a03b4c4cd55b94e2458dee955126be8829301e7f2ca02f276048e
member1-0123,UIT-MLReceipts,train,images/000373.jpg,2048,1536,7,98f271211fd6ef1ced3c66484a93496622e25fe357a52f317eb1e4c3b179d4c7
member1-0124,UIT-MLReceipts,train,images/000374.jpg,2048,1536,7,7d5c67ca15b2c55ecbfc186127062dd56ad56e23245c931103a1a2e58f8585c3
member1-0125,UIT-MLReceipts,train,images/000375.jpg,632,1280,3,766909a4c13570c349852e94e5e99bcccae811a76f6a76284737b7c58cf09e63
member1-0126,UIT-MLReceipts,train,images/000376.jpg,2048,1536,6,cab55e0cb0e94ab1e2acf6f175bf42ba03263d480e59afdddc80419d98408a47
member1-0127,UIT-MLReceipts,train,images/000377.jpg,2048,1536,4,deb0c417401bda133fa11bbdb34a83bff85a7ef0345ebb15fbd07393a59d41e3
member1-0128,UIT-MLReceipts,train,images/000378.jpg,2048,1536,7,c73de69102824ac222cfba71d5f83d50a076c39e1c254ae5dfe46a648c3bde81
member1-0129,UIT-MLReceipts,train,images/000379.jpg,302,403,7,567dce131d88f4cc78ca7baa70ecc7cbe0021089ff293491ea6a187c546794f2
member1-0130,UIT-MLReceipts,train,images/000380.jpg,1536,2048,4,a8a335a4d1e98305d20a2c481a678b1f7241a9199f65008fd509849e40733f33
member1-0131,UIT-MLReceipts,train,images/000381.jpg,2048,1536,5,c1efbd51ba98b33cc9dfe6ca602b92a4f3ddc36afe12031e9ecfa5452073853c
member1-0132,UIT-MLReceipts,train,images/000382.jpg,1536,2048,7,cc6d111587d9d7fbb50c979f6bcac1ea740eeb4ae3b436c92fd2eebd32b7fa3f
member1-0133,UIT-MLReceipts,train,images/000383.jpg,514,1280,5,fc7acc5bdda915572b6e0cb9ce088cdc775b04e83af4fb021fe0ce34f0b10856
member1-0134,UIT-MLReceipts,train,images/000384.jpg,1536,2048,7,7dbd9c27cef55f6764aa4386c8957f05bf448ab1f1edc144342dd3a76a4a8f3c
member1-0135,UIT-MLReceipts,train,images/000385.jpg,2048,1536,7,8a16e2ad221665755d787b460913d836203b267a6617f101b18f7ee4ee21da67
member1-0136,UIT-MLReceipts,train,images/000386.jpg,1536,2048,5,7ed02415603ea5505ceecd83d107b5b3ef208522fb516b90e7ceb0da4d9242ad
member1-0137,UIT-MLReceipts,train,images/000387.jpg,302,403,7,38d688e5aca3d072bebb7c78ef966b412784040058003e0683fb0a2872e68d91
member1-0138,UIT-MLReceipts,train,images/000388.jpg,956,1276,5,779cf6bac5b426749c0cd86b313c15d555e0f6bc38bad0b8c920f1c60f0ba920
member1-0139,UIT-MLReceipts,train,images/000389.jpg,1280,634,5,911853bcb64e7c3db026872923854a221b859e8fd42291f7ff11408265796b08
member1-0140,UIT-MLReceipts,train,images/000390.jpg,2048,1536,4,b393af97d649caada73f8e761685add10a0bdb0fe256c1855bebc3247b864a95
member1-0141,UIT-MLReceipts,train,images/000391.jpg,1536,2048,7,4b46d72b10b8e6b911f19623f8f20481237e598b2d0da6fe4199810a3681da3c
member1-0142,UIT-MLReceipts,train,images/000392.jpg,1536,2048,7,c35f553ea796f8a1630cb58c7419ec222ce1cd40506ae4b462b5b42318c50ec8
member1-0143,UIT-MLReceipts,train,images/000393.jpg,2048,1536,7,3d1d6d5f10ecff6b2dd41a52e9f3730b152244f6bfd143866013ae7976784320
member1-0144,UIT-MLReceipts,train,images/000394.jpg,956,1276,6,bdc73ec2da8ca54f940255c4c200002ed5a237b2c455176b3fad04bc4935b1ee
member1-0145,UIT-MLReceipts,train,images/000395.jpg,459,918,4,ed68b6cc29163eaed7878c05e4d05fa0c33a012a5a3e6fff85a627ca28d98803
member1-0146,UIT-MLReceipts,train,images/000396.jpg,480,640,6,41b8bc5e131a441ddd5f66d7ea3e5d705a02e8758a90e6e73cfeb7503412c5b7
member1-0147,UIT-MLReceipts,train,images/000397.jpg,2048,1536,7,08d1160ff0f704dca71deb00b8a1fa91704e13db5a6de55a00b829130bff89ef
member1-0148,UIT-MLReceipts,train,images/000398.jpg,1536,2048,7,840d384ef7b79b606c91fc697f7dc481cd636fe3c1425b5259e2bddeca467e5a
member1-0149,UIT-MLReceipts,train,images/000399.jpg,2048,1536,4,6e8470a4966876b5d86378efaad995d7d2ce18377a674574fff0cc6034b48948
member1-0150,UIT-MLReceipts,train,images/000400.jpg,1536,2048,7,dcbf9ab565bb874c41bc7597c3630460f22baddd2e9416fd518e1359bfac91c5
member1-0151,UIT-MLReceipts,train,images/000401.jpg,1536,2048,5,68f46bd28d36643153effc2791853844ab411a6bb7c8bac28d0b75b260fdccba
member1-0152,UIT-MLReceipts,train,images/000402.jpg,2048,1536,7,96ebfbb9e89ca980fcb5963ba42aa25726ea5fb945e5736cd736c696b4df58f6
member1-0153,UIT-MLReceipts,train,images/000403.jpg,2048,1536,7,521c8897e167b162f0c80c7585ad32cb8a6f9f3f06f21ec41d09eda471dac534
member1-0154,UIT-MLReceipts,train,images/000404.jpg,2048,1538,7,860a1fccdbd13a52e2f14c328ac323f627375f09a2ca2f26fe6128ba79976b1d
member1-0155,UIT-MLReceipts,train,images/000405.jpg,1536,2048,7,9c8d93ce400bdf20c48f500844fc0cda1fea17e91cd4828de6334b09acaec796
member1-0156,UIT-MLReceipts,train,images/000406.jpg,2048,1536,7,8738ebc8aaea88470399b42fe360075e0a2cb964646f8577e719430cd383a895
member1-0157,UIT-MLReceipts,train,images/000407.jpg,2048,1536,7,8500416cb9173a4dc7902e2da1c05ff57cf66efa0c1151c9c55ccc89c08ee727
member1-0158,UIT-MLReceipts,train,images/000408.jpg,1536,2048,7,ae68b7ecb26ebab991777477c2726f678e5a39d0c6b034161f448e40185ef7cd
member1-0159,UIT-MLReceipts,train,images/000409.jpg,1276,956,7,1c00faa848ebc615a939581e3911ccc0f67c34bda42f3424cd72b0313763676c
member1-0160,UIT-MLReceipts,train,images/000410.jpg,2048,1536,6,1022f3f67ed1bfd3ee6d8b9422117e5c358ac95eca4766a8adddcdd4dd3981d6
member1-0161,UIT-MLReceipts,train,images/000411.jpg,2048,1536,8,f9655fe58c3e08bfe3f9daae5e3c82bb5eb67d9dc156172312e5c7482d93b8f7
member1-0162,UIT-MLReceipts,train,images/000412.jpg,634,1280,8,2564cbfcde8f6b9830140a39141c6f930dac822e302486f342769e13c9182e57
member1-0163,UIT-MLReceipts,train,images/000413.jpg,956,1276,8,9e4f3b8a1efe4d9e08eff39993f2492daed9f51ce9fcae2146a30bb6dc94c515
member1-0164,UIT-MLReceipts,train,images/000414.jpg,956,1276,7,99b600de57b92b694d9999c6b65ceb5d2282c848d5cc95f052ab907a4a8e73c9
member1-0165,UIT-MLReceipts,train,images/000415.jpg,2048,1536,4,4b95b664350945135390b8ca2bf3eaaee5d6f7dbd81205e6be2d6a72d76390ed
member1-0166,UIT-MLReceipts,train,images/000416.jpg,2048,1536,7,e621a09a28c6ff22ad27909b88a5168e3ec7baeae63fda9320ae0e6eaf61136b
member1-0167,UIT-MLReceipts,train,images/000417.jpg,1536,2048,7,82db6d816f75482dd65da2536440b1ad7df1c426942cefd05affd080249eb9ae
member1-0168,UIT-MLReceipts,train,images/000418.jpg,2048,1536,4,e5c3c442ed536347c543ca0b924cfb1ffc05b03017b58f06588225dfb8288843
member1-0169,UIT-MLReceipts,train,images/000419.jpg,1536,2048,4,76f58a1361d8a9c1d7864572f4b4da12f084c6f5d9ba3cad5a113f039ae8e55b
member1-0170,UIT-MLReceipts,train,images/000420.jpg,2048,1536,9,7d23203e7c2c25b2c956305774a61e7497c666953d0a24f3c7bd71ea0d603fa1
member1-0171,UIT-MLReceipts,train,images/000421.jpg,1276,956,8,709ea213569dd017200fbd9d6b8fbd6ad1922791e1a5975d773c99bccb10e2b6
member1-0172,UIT-MLReceipts,train,images/000422.jpg,302,403,7,42d2cf02e03cef3f5d24aace2c8bd39f5220f873cee2b54fe7ffb423f1f0a522
member1-0173,UIT-MLReceipts,train,images/000423.jpg,1536,2048,5,2d1d988c99978e41b1108599ab341561f4105c9eb80584443262baeaf0b9a86c
member1-0174,UIT-MLReceipts,train,images/000424.jpg,1536,2048,7,a2c215aaa3492617d336e1d4a1a4aec513b2324cbc311389022aaa872f7ab4bb
member1-0175,UIT-MLReceipts,train,images/000425.jpg,960,1280,4,26e153c053e365711c797aa8dca10b0ddedb44f97f601250bb7c8c849939a6c3
member1-0176,UIT-MLReceipts,train,images/000426.jpg,2048,1536,4,2247a720527ce487beb7d14a4905e3bd75a122d420a14da61ec6083ebc05cf9e
member1-0177,UIT-MLReceipts,train,images/000427.jpg,2048,1536,7,abc4502b5177c1ce229103fccdd93fe5325bde03eedeb443d8e2cfefa5f5bf4c
member1-0178,UIT-MLReceipts,train,images/000428.jpg,2048,1536,4,5f4a430b3702ceae7a17c64892bb9261056d639845b58e3968d4ed3fd0b25019
member1-0179,UIT-MLReceipts,train,images/000429.jpg,2048,1536,7,349ee936d5b0b1e6b496af17e79e76d796935d047be8da99ba835e879a0ecdac
member1-0180,UIT-MLReceipts,train,images/000430.jpg,2048,1536,4,0d6a67f29e30f1a0a6c57a6afba1bf36348691fc6daf45db9479b486de5d38df
member1-0181,UIT-MLReceipts,train,images/000431.jpg,303,540,7,f67770b33e9d0f6f47dc8997c5d1c4393df159c6ff3b687f5dc8294ee8c43486
member1-0182,UIT-MLReceipts,train,images/000432.jpg,1536,2048,6,55b6f45fe2c42fae9bd4ad7eaa23f7670bfc30585d27328901b377093dffd599
member1-0183,UIT-MLReceipts,train,images/000433.jpg,1536,2048,7,fe0619af3c4fca7617f78854d31f41ffa26fcec54dc50bfb81be53a704e7f73b
member1-0184,UIT-MLReceipts,train,images/000434.jpg,2048,1536,6,86a9a15703fe4f35d4bda075286afdc6f4915cbe3f017731e91330e95a67146f
member1-0185,UIT-MLReceipts,train,images/000435.jpg,1536,2048,7,bb84baa4e3d21531893383713f68fb427a0ab1d7a4f172e167297478620bb326
member1-0186,UIT-MLReceipts,train,images/000436.jpg,956,1276,8,86fabf55e329f78ced0ef747d3b38b644544e9a51f808ee99c75c1a1846b28f7
member1-0187,UIT-MLReceipts,train,images/000437.jpg,1536,2048,4,ccf0e75f4da88db49fef873f626147d8aa763f247bc87ff500f84bcbb66ab16d
member1-0188,UIT-MLReceipts,train,images/000438.jpg,1536,2048,7,9a56e3a7d877cd2957872e37d8135f0f58a2de0fc864ef309d61756475c8b37b
member1-0189,UIT-MLReceipts,train,images/000439.jpg,2048,1536,6,02631536a3fdc40f1a63d6818c1ac6054145cf8ecd86b60a727f773142971a0a
member1-0190,UIT-MLReceipts,train,images/000440.jpg,1536,2048,7,49452c0f63bb3e8802d8e60c02433cea53da432ed2660e53e90290f8bbb40f96
member1-0191,UIT-MLReceipts,train,images/000441.jpg,2048,1536,5,26c469756630960cf28d2922f69ad3e14a343cd5a3eabedc45272997cacff99a
member1-0192,UIT-MLReceipts,train,images/000442.jpg,2048,1536,7,b6c63ae3442ce0815ef46ba843cdb212c5070999d29e8f8bac9f0a3e89f1e0d5
member1-0193,UIT-MLReceipts,train,images/000443.jpg,2048,1536,7,d0e5b60bb935c944521308ce8b431a0634e94e6ff5297c4b37ebdf466d5db956
member1-0194,UIT-MLReceipts,train,images/000444.jpg,2048,1536,7,4938a39ef74633b8c5382ec86d9c128c126449c907d99abaee3554f74800232f
member1-0195,UIT-MLReceipts,train,images/000445.jpg,2048,1536,6,f14d5073748e7c4f06fa5bc51ceb2c416546a5a7d5f238aadf0346949e29247c
member1-0196,UIT-MLReceipts,train,images/000446.jpg,1536,2048,5,bea22fa0a782e6395df286640556d351235a36b94a067feecb72d593ec423b77
member1-0197,UIT-MLReceipts,train,images/000447.jpg,2048,1536,7,fb6e21eb02acc3aca2400eead9c6fee047e3e3d6844d038dd607ed9bac814489
member1-0198,UIT-MLReceipts,train,images/000448.jpg,2048,1536,7,14b1f5315ea2807841e7ba5e600e84abfc5ced8e9b1adbddd455e6152a44c30e
member1-0199,UIT-MLReceipts,train,images/000449.jpg,1536,2048,7,53e6e89576e30226fcc80333d9bfc3ab8f1beda4e4678fa1a1df983e8f1319bc
member1-0200,UIT-MLReceipts,train,images/000450.jpg,2048,1536,7,1ed0bf03f0a0c4c17607e6cfeada410173f42d1f32b8bce2dd5cdffb7da24e42
member1-0201,UIT-MLReceipts,train,images/000451.jpg,1536,2048,7,d30391028085bb57900808b648e0a6ad390daeba7d456b452196adab4a33b5a1
member1-0202,UIT-MLReceipts,train,images/000452.jpg,2048,1536,7,db2ec286ae6b7f1060c594b9d6b4f63c747acf10bcb749d136cd9f228c41eb14
member1-0203,UIT-MLReceipts,train,images/000453.jpg,2048,1536,5,2a45efc2a255631282955b97315b2fc7c38f4c9a2a116238e0b42fba0d32b73f
member1-0204,UIT-MLReceipts,train,images/000454.jpg,2048,1536,6,651b34df8b6e3ce573edb658bb7e0697cf353c83af12654347e6467e2f79d409
member1-0205,UIT-MLReceipts,train,images/000455.jpg,1536,2048,5,5ff6a43131c3ef44796c86559c6c4279e9da3ae98865fc4a2818b69bdb60ea30
member1-0206,UIT-MLReceipts,train,images/000456.jpg,2048,1536,4,c17e9fdb237f83a1d08708d138c4062edd3d6a2871dc4ef5c270edaabd137f9a
member1-0207,UIT-MLReceipts,train,images/000457.jpg,480,640,5,cbec9b1e428a0f2396803c0ad4031ab40f9bc9a8b0a67fdfda21464679d31971
member1-0208,UIT-MLReceipts,train,images/000458.jpg,720,960,8,ac5a2cdf535c6c05f7bdf7ef051eb67cf3c27c6097c91d02df6a299e24ff0ffd
member1-0209,UIT-MLReceipts,train,images/000459.jpg,2048,1536,4,0e94fe552e1a27240e0a01314d2e0f2d9db6c00305e3127ee6ff470c95d996e8
member1-0210,UIT-MLReceipts,train,images/000460.jpg,2048,1536,6,185e390ca61d00f1ca550ef30d855e8fbda28808f6c5768821964f4927478fe0
member1-0211,UIT-MLReceipts,train,images/000461.jpg,2048,1536,7,320e07efe71e087187bec484c03f8913daef588c4d5e089700f31efa80fc41a1
member1-0212,UIT-MLReceipts,train,images/000462.jpg,528,960,5,b3805d0fef282abcf60db909db6df34b94c568b91b49b9d31831c19dde0b835a
member1-0213,UIT-MLReceipts,train,images/000463.jpg,1536,2048,7,aef2fb57f8976c4ddbcb523f7536391e8b789f1f15ca859b40cf6298be7ce090
member1-0214,UIT-MLReceipts,train,images/000464.jpg,400,810,5,cd38c3fc22acd901f497cebad986608d99a14a346a8a9f197b5cc4809c0a199d
member1-0215,UIT-MLReceipts,train,images/000465.jpg,1536,2048,7,83642e739231a688faf8ff75f9a855f872029cdf0ed42b4574d0e3c3298ea12b
member1-0216,UIT-MLReceipts,train,images/000466.jpg,956,1280,7,d8b7c9191336093c38ab2aeddad8c46fa053f601c2fcd4ca07a825411e997acc
member1-0217,UIT-MLReceipts,train,images/000467.jpg,2048,1536,5,69ed3c488198dd5a9a241186723ed803fc6a4864806cced2a901ca84cc2032d0
member1-0218,UIT-MLReceipts,train,images/000468.jpg,2048,1536,7,88d6cf24c448b3adbc4ff7d2b3a1185cb62c5d8c6d50a67f3cb437c171d4b1fd
member1-0219,UIT-MLReceipts,train,images/000469.jpg,2048,1536,7,abeb98b7ce0638fc110fe3dfb030ee888fc215646c33a117b6f0bb53609f5ce1
member1-0220,UIT-MLReceipts,train,images/000470.jpg,302,403,7,6b5aff8b093d399aaa914ce04af84f19baf79b829b657e4f6273703c761f1c3f
member1-0221,UIT-MLReceipts,train,images/000471.jpg,1536,2048,4,97eaa4e145bd7ee67ca5a14f078f38e729fd18a96fbffb3a27291ceb5a3bf420
member1-0222,UIT-MLReceipts,train,images/000472.jpg,1536,2048,4,f5343768446f451004c4163ce51aafbb39a171e0d0803c6b05fa445fefd95cd4
member1-0223,UIT-MLReceipts,train,images/000473.jpg,302,403,6,bd260f8f911351a2c352aa61f08295a9c985f605df2a4ed82814ad0286e5f23e
member1-0224,UIT-MLReceipts,train,images/000474.jpg,956,1276,6,155ffac45f39d59ec8d557a2ca6690fa4ef2b1d2e9c60fa333b9bf7c4d3eb08a
member1-0225,UIT-MLReceipts,train,images/000475.jpg,960,1280,5,7be394eb2105aead937293a85ea61be3ab5e23c79d3ada3825fc25292844d223
member1-0226,UIT-MLReceipts,train,images/000476.jpg,1536,2048,5,59652ba067071fc1527ebcab8009f084a7314dd51342e29a79ec3ac5d9e7bdcb
member1-0227,UIT-MLReceipts,train,images/000477.jpg,1276,956,7,315f4ddfc1ee7233a24e3e2c7a130332df06f0fc0d71b1def017c8783840f2cd
member1-0228,UIT-MLReceipts,train,images/000478.jpg,1536,2048,7,f4a69b30555acd209f3ce6c7dfe62388875d5be297b5598a50ceb5de8969aa55
member1-0229,UIT-MLReceipts,train,images/000479.jpg,1536,2048,5,d46160f3a56fa2f85e94bd4c018fad32794ecde28a67d6e8f652e05b333452a0
member1-0230,UIT-MLReceipts,train,images/000480.jpg,1536,2048,7,d7be83130b2ba182ebc0ea1d7956190f473005a18c18d027068a162464681388
member1-0231,UIT-MLReceipts,train,images/000481.jpg,2048,1536,9,22c6b2832c90c4e00baf4a062ba2430b2c9522a47fa12b1d994c1a5572f26051
member1-0232,UIT-MLReceipts,train,images/000482.jpg,1280,720,7,94116e979c3a4522b699ee0ff9b8ee6a6b1654ddc6a499b4b8dbbd8af9a7d26f
member1-0233,UIT-MLReceipts,train,images/000483.jpg,2048,1536,7,fa8ab599441583df097fba148def7dcbfa672382323307e0f1ff0b60022b9ef1
member1-0234,UIT-MLReceipts,train,images/000484.jpg,1276,956,8,cf2ae22684c91c237dbadb1c6a8f4d62e6b6e0825b66abff3c3553717a88208f
member1-0235,UIT-MLReceipts,train,images/000485.jpg,2048,1536,7,ef10ea61019f724e8c05f414db09e13a0002f53ae81c157de6fd1d54eeede4db
member1-0236,UIT-MLReceipts,train,images/000486.jpg,406,1280,4,99d9de541bb607d79d539775112398f89bf9a7c3d1712c4f9de8fbcd5588f558
member1-0237,UIT-MLReceipts,train,images/000487.jpg,1536,2048,5,cc872e4438aea1e79bbc64b435fca2494640ca7d1d9d5bf4420a55506b5e6a84
member1-0238,UIT-MLReceipts,train,images/000488.jpg,1536,2048,5,b70c81ea29c986ad308f0f8e892b624d1ad3dc3ed0803a010e4aa4dc5af4b5b8
member1-0239,UIT-MLReceipts,train,images/000489.jpg,2048,1536,7,648a3002f16beb55483cba06edbc739f536fa1aaad535a64fddfd6fe0f7f3d81
member1-0240,UIT-MLReceipts,train,images/000490.jpg,2048,1536,7,95ead4298b0ee361953c32b8241f3fce559e34d7378f49081d950bdcebdcd317
member1-0241,UIT-MLReceipts,train,images/000491.jpg,459,918,7,6bc1d2f2113abaf07dbc029943ce296b6c27ca6256ec87834c17b97055e0708f
member1-0242,UIT-MLReceipts,train,images/000492.jpg,2048,1536,5,5a13b52899b83d217482edd94381c1552f6d9ae1f805fc0bd1b37a20a49a7c0f
member1-0243,UIT-MLReceipts,train,images/000493.jpg,2048,1536,7,bb5c6dc172f9c4da69d8251af764f574e21323ba283c6625610e624ae64253cf
member1-0244,UIT-MLReceipts,train,images/000494.jpg,2048,1536,5,fd3970dc64c20a9f805fa7abed932d1b1480be75d4c0219b91bfdecf4897268e
member1-0245,UIT-MLReceipts,train,images/000495.jpg,2048,1536,7,f43f47fd90a2cedf4620f970179d2ea38e0bc3ae1cebd047aea057cc4436f398
member1-0246,UIT-MLReceipts,train,images/000496.jpg,956,1276,6,3a7efca1846f3a3346a7b0cc205db9922f94e63554620136afb8d7b961404821
member1-0247,UIT-MLReceipts,train,images/000497.jpg,1536,2048,7,44648d7874d7a2c9f1374747f6a422b6683d363f91419de66e0b0a92b16e669a
member1-0248,UIT-MLReceipts,train,images/000498.jpg,2048,1536,7,d2a741497a71b281b52cf61a2443da4c89d2111e831e722749a06e3e1744c888
member1-0249,UIT-MLReceipts,train,images/000499.jpg,2048,1536,8,a462056bb96981b1f8ade0cf0b7880ce00a485b32050e8b36bdb86c3d5fe12e2
member1-0250,UIT-MLReceipts,train,images/000500.jpg,1276,956,7,3c28602c8146dcbcb38a626433c0873b1d7af655ff87d67fa5d81efaa8eeb080
member1-0251,UIT-MLReceipts,train,images/000501.jpg,2048,1536,5,0be09b7f5c02666543e85235fa7338fa99e14f2700be5f6272f221c5d0f6c943
member1-0252,UIT-MLReceipts,train,images/000502.jpg,2048,1536,6,50573ba093da38b6897106259b585df789c779184511a164b0f0699487f9599f
member1-0253,UIT-MLReceipts,train,images/000503.jpg,956,1276,7,35010c5001b956e343ce699f6564806919804e7c759abf23625912a55683fbb9
member1-0254,UIT-MLReceipts,train,images/000504.jpg,720,960,5,eac705d0ca90267580f6fb0787e07f95513b7b16f1641ba066880a1943eacbf1
member1-0255,UIT-MLReceipts,train,images/000505.jpg,956,1276,5,28cf772c2c2ec9e6025e7107411c6c4ab6469a2628b0ac9f805ba161e46b1c96
member1-0256,UIT-MLReceipts,train,images/000506.jpg,2048,1536,4,7e29e336f022f8bf2d184205ba8ca96895dad4f8dc91e78547db326baada4b57
member1-0257,UIT-MLReceipts,train,images/000507.jpg,302,403,7,13beff1573538448bcf878a78717eef376c0c16efc06d5583015555fd01c221a
member1-0258,UIT-MLReceipts,train,images/000508.jpg,2048,1536,4,3bb825d4d91bb353f6a3e67403a8cfe82a87285aad7ceed16809df683a244845
member1-0259,UIT-MLReceipts,train,images/000509.jpg,956,1276,5,5385645dd049028ca35ee1eb63d672fadd8b630080524bcc45407b74de054c64
member1-0260,UIT-MLReceipts,train,images/000510.jpg,1536,2048,5,eb4de8982daca807e9541d472c35f8fe2413704629b94ec251d347bf0da4df21
member1-0261,UIT-MLReceipts,train,images/000511.jpg,1536,2048,4,ffb48896405c36b3e0343f7f6dafe82dfa2de0af0396c87ac3ccf86e5e3a29d6
member1-0262,UIT-MLReceipts,train,images/000512.jpg,956,1276,5,214154500da45f415ed43c8270edbe5c4f6022f000f95a91679cf2e519c97f74
member1-0263,UIT-MLReceipts,train,images/000513.jpg,811,770,5,980049c2ef396d7e7950e69153c8ca117cc996ebca1b9ec53b826c4256fb2ac8
member1-0264,UIT-MLReceipts,train,images/000514.jpg,956,1276,7,871b41a6aa5b603b23cf004724b935680fa653a8f303e7e8749776bb60d9b501
member1-0265,UIT-MLReceipts,train,images/000515.jpg,956,1276,5,904c6504323464712cdf5050837f89c32b67d9b9099fcca5113921cd79470100
member1-0266,UIT-MLReceipts,train,images/000516.jpg,1536,2048,7,0dcf10e866bb8e41cd86858509074202231344b7b660af7e05ed3687aa98ba7a
member1-0267,UIT-MLReceipts,train,images/000517.jpg,1536,2048,4,b6b150b78c3706bbb43a3d3f34bd63e9d90b3bbe115f6437ff688c24e8d42f8c
member1-0268,UIT-MLReceipts,train,images/000518.jpg,714,1280,6,b756e6c08b1fcf78f03d6c5f49c1813438b5ae6cccd7b1e09c89f92289691811
member1-0269,UIT-MLReceipts,train,images/000519.jpg,1536,2048,7,1292bd9da76f9b39f0c8cc4f1bc40e7c084f98652ebc63cc7b60ac6d2ba87dfc
member1-0270,UIT-MLReceipts,train,images/000520.jpg,956,1280,9,1119e732207eb55b4c399bededd4d2ba30eefd43682ea82df0961b336287c517
member1-0271,UIT-MLReceipts,train,images/000521.jpg,1536,2048,9,e07e4eab4753c65220d03d31f079d7fdaf372f80a5947e976499936ac67fc4c7
member1-0272,UIT-MLReceipts,train,images/000522.jpg,632,1280,6,67701c3d1bef6621138e521129502e8654c9c85e0434f2b72a82ea6e8aa28618
member1-0273,UIT-MLReceipts,train,images/000523.jpg,1536,2048,5,8c83eb96d1a4e84e35bca3ee60da0fd9919dff4ceb6a01a573e276e5b4f4b255
member1-0274,UIT-MLReceipts,train,images/000524.jpg,2048,1536,7,89d31422b1d933f9b886dd57c32174783c210c274a4d1072107d360b6cf5834e
member1-0275,UIT-MLReceipts,train,images/000525.jpg,1536,2048,4,314df96abe2133281c9b4885c442508340e371a5795b42e176bb1224125ebe5c
member1-0276,UIT-MLReceipts,train,images/000526.jpg,2048,1536,4,154adc17f967b1415eb52fe14997c9a7a1e51afca92623de9946d0e35608ba10
member1-0277,UIT-MLReceipts,train,images/000527.jpg,2048,1536,7,7e78ebfdef24a6678a6f670a07a139cdbf9c9968f5ee9f4c6c36f1e2b14d67d5
member1-0278,UIT-MLReceipts,train,images/000528.jpg,720,960,6,0488160ac54172bceffc79bd78cdbfe60f92ae552ddc4077c9eeb1fb55adafe9
member1-0279,UIT-MLReceipts,train,images/000529.jpg,2048,1536,4,7dccd85551412718072bfef43d51a34b03a349cd1f431ae853712413db07b3c6
member1-0280,UIT-MLReceipts,train,images/000530.jpg,1536,2048,5,511118d84052da2297c1e46e8862227c2df5da460146e63726398f538872b21e
member1-0281,UIT-MLReceipts,train,images/000531.jpg,459,918,5,fbb063122c80fb21c3b34cbef1c5cb6b79779141c749ef3427cf6b2b6fb99966
member1-0282,UIT-MLReceipts,train,images/000532.jpg,459,918,4,47e8567582435cdd8495d1785ad0ec963f7c4a89c34b985e8beeae3292813c49
member1-0283,UIT-MLReceipts,train,images/000533.jpg,1536,2048,5,9a5eb9db312f932b32a6c30606d9a689abbedc6e3c6ec086141e17b6499da67c
member1-0284,UIT-MLReceipts,train,images/000534.jpg,2048,1536,7,6d37ee4d3697b08967a505cd2d19ba6151da83a10a019eb8e8518ee24041ddbb
member1-0285,UIT-MLReceipts,train,images/000535.jpg,1536,2048,7,a4c19a627d5f0591de6b3702fe281dd7eb37a6cc85c2c0cd9d75e231a9f6eeba
member1-0286,UIT-MLReceipts,train,images/000536.jpg,2048,1536,6,d9ff4d7b2548ed90dac84f5bfe218c76bf978427b4dfecc0460b37f01b18d992
member1-0287,UIT-MLReceipts,train,images/000537.jpg,1536,2048,5,e6278919a6f2182f3048f997776a521e28a69c925f62aa4614eca0d927c84529
member1-0288,UIT-MLReceipts,train,images/000538.jpg,2048,1536,7,f5d2c3927e6e16532720de975d63c1c7394025b64e183ecdc954b304d711cb45
member1-0289,UIT-MLReceipts,train,images/000539.jpg,1536,2048,4,f4ca9d4897bc520474b4613b2848d8398e20f6c3ef1761882da8bff84edf55c3
member1-0290,UIT-MLReceipts,train,images/000540.jpg,1536,2048,7,4f237bc3f119556e7488c304090c3db1f94ac177aa554eaa0a0282a467c8a891
member1-0291,UIT-MLReceipts,train,images/000541.jpg,1536,2048,8,14e20086c3d997243a15f962b4196c3fae2fb0a3c497d537c2441e21d798b369
member1-0292,UIT-MLReceipts,train,images/000542.jpg,1536,2048,6,3ffb752952a93eb5c04dd3a3649950fa773f2b2d06afe476bbddb8709a160fd0
member1-0293,UIT-MLReceipts,train,images/000543.jpg,1536,2048,7,b77ca58b49352496ac86dcbb71395cc1bf9c9125a4e3b0209bc9dc00183d5f33
member1-0294,UIT-MLReceipts,train,images/000544.jpg,956,1276,7,46f8ecee01ddbb11f7e01b7a0ae36486b4a186927e38948a17b9bcf839963efb
member1-0295,UIT-MLReceipts,train,images/000545.jpg,1536,2048,7,22fba90405b24083d3ced54e5d3b7fb001eb8ba0b90bf3f083bf549a2f8bdeba
member1-0296,UIT-MLReceipts,train,images/000546.jpg,956,1276,7,3cae562d7887c59c79fddf52a747b1983118745327542cf342806b33d4ecb39f
member1-0297,UIT-MLReceipts,train,images/000547.jpg,2048,1536,7,c7cb099e4a4596b36976695fbd646bba3d130ad59f96b291616d8cf37a2dd69d
member1-0298,UIT-MLReceipts,train,images/000548.jpg,302,403,7,d3ba251577477a94774a33cb9c7cba09be0e7d04b42c5532cc332d4f86901de1
member1-0299,UIT-MLReceipts,train,images/000549.jpg,590,1280,6,255f4fb7dd94efa0ae2d8c670df03e1a361d2a204b1b035dae4cf8dc88181523
member1-0300,UIT-MLReceipts,train,images/000550.jpg,302,403,7,83fdf7d785c6f71c32e41cac1cc9ea5ba4b370330bb69ad4c33350e759d001f1
member1-0301,UIT-MLReceipts,train,images/000551.jpg,2048,1536,5,1785399b82a3ffa06ecb9d967662a6a4b6c820bea5b15a79dfce27b0707634f8
member1-0302,UIT-MLReceipts,train,images/000552.jpg,1536,2048,9,1c05a5820e5e0a2c094505cd9cb3c5df329cbb78786db46cb9db0652260f4d16
member1-0303,UIT-MLReceipts,train,images/000553.jpg,1536,2048,7,8d811c43d1b27d73eb46ae045f8759595a5c7d2198311d86d307cb3a060308ae
member1-0304,UIT-MLReceipts,train,images/000554.jpg,956,1276,5,67f295c9c49bc4e1d6e84eff7907b864024d8dd22d13db1959f4afe26e770306
member1-0305,UIT-MLReceipts,train,images/000555.jpg,1536,2048,7,3cebccd51c31074acb9579648d5eb7d211df6dd06266844dbf3c606a2ad4ff10
member1-0306,UIT-MLReceipts,train,images/000556.jpg,2048,1536,7,7d7001423335f39848bff43aa8eeeae84f2790844f52df9d53dd639f83dd36a5
member1-0307,UIT-MLReceipts,train,images/000557.jpg,2048,1536,4,629c52814b3bff5be62cea0fbe144f434ba7b61b3b999ff21a80a074fc74ed10
member1-0308,UIT-MLReceipts,train,images/000558.jpg,1536,2048,7,c568b8dc88c22cbadbc93891dc9d983c3484ba6d1bc6d80311932b89f06fd81b
member1-0309,UIT-MLReceipts,train,images/000559.jpg,784,960,3,fa1d5014bbc27367559cd88c66a90a31fe5bea12c2190257a43f5828acc588b5
member1-0310,UIT-MLReceipts,train,images/000560.jpg,1536,2048,4,1f67d2fb01fb7df850f02cfd814901935d00979c3f30e07195ae66100a348b2e
member1-0311,UIT-MLReceipts,train,images/000561.jpg,720,960,7,dac2dc2db11e2d4f75cc0b2788ef571572b3e9a62602e8d4e4f84a32ac829a04
member1-0312,UIT-MLReceipts,train,images/000562.jpg,1536,2048,7,e153cfa8968d251dcfe950bf99ed1bd7af811bf37858d4d346b698ecb6970885
member1-0313,UIT-MLReceipts,train,images/000563.jpg,1536,2048,8,8f2e3fbb064076220345f61ae93c43043307417cbfbe8ebd808417cec1d6cf7f
member1-0314,UIT-MLReceipts,train,images/000564.jpg,1536,2048,4,d41e5d5e15637086b3e4094ce3af4a690b9fb58bfb3f08264b1edd8224f6e12f
member1-0315,UIT-MLReceipts,train,images/000565.jpg,1536,2048,4,5b0c7ed074a68bf3c466003fa70b00e41cdb65b01310beb0c3ad32b2d9c958e6
member1-0316,UIT-MLReceipts,train,images/000566.jpg,2048,1536,5,72b5eb78c2c2c8a3b41a912cbe329145e13e973386e67aefd38508b70bc07710
member1-0317,UIT-MLReceipts,train,images/000567.jpg,1536,2048,7,440d962c73148a640c57b6126982bcc31364190832192e568f0e11ad658727ba
member1-0318,UIT-MLReceipts,train,images/000568.jpg,1536,2048,7,a9097b14b2c3b8d1016a31b9dd45446e3fb4be68556c90ec84d140c2eed400b6
member1-0319,UIT-MLReceipts,train,images/000569.jpg,2048,1536,4,c86b65a9e5618f98fa0b2203f5c6d507c75e46b30be47aceb18d868f14b8f7c2
member1-0320,UIT-MLReceipts,train,images/000570.jpg,1536,2048,4,9d36f5c88b39c6fa74c5ce5c4bc5b8bed58ca937916a2b732d494fe9d32d4d21
member1-0321,UIT-MLReceipts,train,images/000571.jpg,1536,2048,4,7e7dc5ea08d983aacf720ee58dfaae67b05909eb35f8044363237a7719954bf4
member1-0322,UIT-MLReceipts,train,images/000572.jpg,2048,1536,7,910b400667b00de148002f36b17a647f0a1a827a5bfe78b8d8591399c9bf7ae8
member1-0323,UIT-MLReceipts,train,images/000573.jpg,1536,2048,6,6afa45d0fae2fa0c972a90482fdc4ee200379116b8721f093525213be41e4932
member1-0324,UIT-MLReceipts,train,images/000574.jpg,720,960,5,8f26f42980910930c78da5c9578a2256f54b337c62b3c3839d4f312789e5d723
member1-0325,UIT-MLReceipts,train,images/000575.jpg,1536,2048,7,fd677b4c68b21ceb46d42fd0545bebc365e196930483732059bae50b7d1ff233
member1-0326,UIT-MLReceipts,train,images/000576.jpg,960,1280,5,7bd54f5c251437ea9222246d4f98324a9d29a2df778b4f469b75c7c60d423afa
member1-0327,UIT-MLReceipts,train,images/000577.jpg,1536,2048,6,790456b625112a4e41fc0535c1ebeec27637612fec6dc0c340ccd98cb08f06c1
member1-0328,UIT-MLReceipts,train,images/000578.jpg,1536,2048,5,9332bf8c49aa44bb7b586c223fb05b09a52cc54bf4262aa1a321c2569623bdfb
member1-0329,UIT-MLReceipts,train,images/000579.jpg,2048,1536,7,dbe2023d73ae098fa037b62000cce9953a61a9a65c94a330db04c7c3aaa5bf98
member1-0330,UIT-MLReceipts,train,images/000580.jpg,1536,2048,5,9a2d8f3c35503bc2db3df70e7a3e915917dab95f5ad623bd8bf0969b9810228d
member1-0331,UIT-MLReceipts,train,images/000581.jpg,2048,1536,7,d08e0fbfd8a1ca3030d2933233e4626330272d8659ab925e0b0c69bb127396f4
member1-0332,UIT-MLReceipts,train,images/000582.jpg,820,960,6,0b63fdeec4b2873f5af9a4cc1d9c61ca17017b44270378636f7008e57812d72d
member1-0333,UIT-MLReceipts,train,images/000583.jpg,1080,1920,7,98f6d4a1eaa9cc57e577bbbceeab57522812fca5802d07b1611ff441bb71ed31
member1-0334,UIT-MLReceipts,train,images/000584.jpg,1536,2048,7,72358fe4cfce1254d0fda8c33dc16b4a8cddfa55993abaf2e2e5e26aab164393
member1-0335,UIT-MLReceipts,train,images/000585.jpg,2048,1536,7,1b14a41b732ba242d5339ce4fd95b0f5846c65f96cc8b0f4a48df92f3f5d3853
member1-0336,UIT-MLReceipts,train,images/000586.jpg,750,1334,4,457efa46a0104a184bf74be92b3a99ee7b26e2b1e81314d173d2e3513ea3a888
member1-0337,UIT-MLReceipts,train,images/000587.jpg,2048,1536,6,655a40e5e40a96f06870e04958639d31431f6acaee05704bf4f6f628b28bdf23
member1-0338,UIT-MLReceipts,train,images/000588.jpg,1125,1500,7,9507a2947ad0ecec90627f77efd6ffd79e7441b4a597a66d736de36d63e6175f
member1-0339,UIT-MLReceipts,train,images/000589.jpg,720,960,5,2e857c8a4c6ddb8c4837a255a46ff02f3bc5fbd0c4a32b1ff86d523fe305f6e5
member1-0340,UIT-MLReceipts,train,images/000590.jpg,1536,2048,5,ad9ce5d43c255adc615795a85fa4db798cdb94390b4fb9ed7d8fb89b58961694
member1-0341,UIT-MLReceipts,train,images/000591.jpg,720,960,5,35aba6948b267399193b348dae9dcf9353d4d0adbc3657bd2d1b903cd50fd5b0
member1-0342,UIT-MLReceipts,train,images/000592.jpg,1536,2048,7,96d8a7001acb745fe610e1e5fb9ce03f8e7a49740f87da4cdf8ff36eb1886caa
member1-0343,UIT-MLReceipts,train,images/000593.jpg,2048,1536,5,9254da2893e39b51deebb52cbac10aada167e71d5a572cee331b8efce4cc50ea
member1-0344,UIT-MLReceipts,train,images/000594.jpg,2048,1538,7,b27a950e41c41556d61c8aab05c40330df99842b625adf89c68d84e33ebd8e84
member1-0345,UIT-MLReceipts,train,images/000595.jpg,2048,1536,5,27bab9c737c9a65ab351fd68517c782ffc175281b9a52277072971d2c0fbc5ab
member1-0346,UIT-MLReceipts,train,images/000596.jpg,2048,1536,7,e58a093f7b8139e02084f5cb126bc4d01f36ab48173d1a6ac3da9d70b94f930a
member1-0347,UIT-MLReceipts,train,images/000597.jpg,720,960,6,104b141d89993c64f9d5ba96695c9b93ebec54e73b2556d84c875566d06ad798
member1-0348,UIT-MLReceipts,train,images/000598.jpg,1536,2048,4,fd0238c27c1ac90c4fcaae86a66647c1b61c928ae8fdacbf7d7231691e7057a2
member1-0349,UIT-MLReceipts,train,images/000599.jpg,2048,1536,4,02e715811e806a9fd3dc1adf4d882a793122502186b5762ecca9a262436446ac
member1-0350,UIT-MLReceipts,train,images/000600.jpg,956,1276,6,28a6f054643e2d51ecf3859cbc0a98952617d0e463143b5e97d970d1b2bdb444
member1-0351,UIT-MLReceipts,train,images/000601.jpg,528,960,5,af22b505800e2aef3a2881b58c2421559dd1404d3b12ca31ec9e6bc5b0ed21f7
member1-0352,UIT-MLReceipts,train,images/000602.jpg,1536,2048,7,c48e748ce43c3cd271c7933eca69c17e6bb3a4618b20fab7c2518f528463f6b7
member1-0353,UIT-MLReceipts,train,images/000603.jpg,956,1276,6,a6cf9855d06ebc6d3cfa7865483f64255524cff18855f99fcae5103204bfbb38
member1-0354,UIT-MLReceipts,train,images/000604.jpg,1536,2048,7,69dd6e6c0850c91cd6e34788a6770483b2c1f2be89b84c7c2d277b805fd0e667
member1-0355,UIT-MLReceipts,train,images/000605.jpg,2048,1536,7,8bce9840e7ea33a586f1e584a759809d657dce0759276b2d5bf344c42e12fd24
member1-0356,UIT-MLReceipts,train,images/000606.jpg,1536,2048,5,509faf1298e251e640b5f8107545bb35e3e28e145e828d05b2583b1f5f2dc66c
member1-0357,UIT-MLReceipts,train,images/000607.jpg,720,960,6,6936764a6a6e4e18c45c9b7f1b94405308b263537f7266c268e8a6b11b756c12
member1-0358,UIT-MLReceipts,train,images/000608.jpg,2048,1536,6,ae22a5d5eaebbd861a2a7ca7f088ca2bf5ebf008133ee6983c23c975b86b3af0
member1-0359,UIT-MLReceipts,train,images/000609.jpg,1536,2048,5,a3e627e6a55067aceb2053d652fe7f3cf3ab8de883cc25760438c04c34db1ea8
member1-0360,UIT-MLReceipts,train,images/000610.jpg,1536,2048,4,f88995271365342e99046acecefbe63dd96184da2f5663eb2cc2c6353a0ea6ef
member1-0361,UIT-MLReceipts,train,images/000611.jpg,2048,1536,6,061573d9ff110d1b1aa2b660f0b76e27fb44d283045014e6b66e21f8d7c14518
member1-0362,UIT-MLReceipts,train,images/000612.jpg,2048,1536,4,43259d774d702f2cebd163d903e0d56a7e1c66588c55e44ebcaf787bb3cdabb3
member1-0363,UIT-MLReceipts,train,images/000613.jpg,1152,2048,5,69f97891815beb78cb193493124bb1a2edc9413ec11ccf31e1afdf307df7951a
member1-0364,UIT-MLReceipts,train,images/000614.jpg,2048,1536,8,40ac76e7328669014f785f15bd42241814170089798621da0ed1c2a4873bdb40
member1-0365,UIT-MLReceipts,train,images/000615.jpg,2048,1536,5,85db6248885b48ade111b29abe343c65a9d3fde5a19ba4ecaeca91a3899d845b
member1-0366,UIT-MLReceipts,train,images/000616.jpg,2048,1536,6,9deaffda999ad164c714d18f5d0662c42091270b8c4ad1939711b7c2aba0f7a1
member1-0367,UIT-MLReceipts,train,images/000617.jpg,2048,1536,4,e50763a71fd3070f72f5a8e6bcfd2f1bdf44ae757007e8f61752907e490fdf03
member1-0368,UIT-MLReceipts,train,images/000618.jpg,2048,1536,5,d74305b303455ca5c5767a99849d641170d196ccdb427c0deb46ba5ffe26c324
member1-0369,UIT-MLReceipts,train,images/000619.jpg,2048,1536,6,1c25e0829212be036c41b545375cad01e58b8cb8fa544cd099873ab4d53c9355
member1-0370,UIT-MLReceipts,train,images/000620.jpg,1536,2048,10,685f7480b415223d67ed384729c3402dc305dba4e20187d2e554fde773b4c653
member1-0371,UIT-MLReceipts,train,images/000621.jpg,960,1280,7,92d30ae3a05cb1101e4d27b62ac5fb5cce1206c825c27fc3e12ba295d8464be6
member1-0372,UIT-MLReceipts,train,images/000622.jpg,2048,1536,4,99a8adbc5c15e8e4e0a84f19a23b144f346ecf53308b4f380a3e6182d3229127
member1-0373,UIT-MLReceipts,train,images/000623.jpg,2048,1536,6,d3af5b81b817e780d2416dd1582b6500377e47362e55052f155594b304058658
